{
  "properties": {
    "connectionReferences": {
      "shared_visualstudioteamservices": {
        "runtimeSource": "embedded",
        "connection": {
          "connectionReferenceLogicalName": "ip_sharedvisualstudioteamservices_e9e6a"
        },
        "api": {
          "name": "shared_visualstudioteamservices"
        }
      }
    },
    "definition": {
      "$schema": "https://schema.management.azure.com/providers/Microsoft.Logic/schemas/2016-06-01/workflowdefinition.json#",
      "contentVersion": "1.0.0.0",
      "parameters": {
        "$connections": {
          "defaultValue": {},
          "type": "Object"
        },
        "$authentication": {
          "defaultValue": {},
          "type": "SecureObject"
        }
      },
      "triggers": {
        "When_a_PBI_is_updated": {
          "recurrence": {
            "interval": 1,
            "frequency": "Minute"
          },
          "splitOn": "@triggerOutputs()?['body/value']",
          "metadata": {
            "operationMetadataId": "0e84e18f-f31b-4367-990a-b42cdf967b12"
          },
          "type": "OpenApiConnection",
          "inputs": {
            "host": {
              "connectionName": "shared_visualstudioteamservices",
              "operationId": "OnWorkItemUpdatedV2",
              "apiId": "/providers/Microsoft.PowerApps/apis/shared_visualstudioteamservices"
            },
            "parameters": {
              "account": "ipeposhi89",
              "project": "SL CE - Modello Devops",
              "wiql__System_WorkItemType": "Product Backlog Item",
              "areaPathComparison": "Equals",
              "iterationPathComparison": "Equals"
            },
            "authentication": "@parameters('$authentication')"
          }
        }
      },
      "actions": {
        "If_PBI_is_child_of_a_feature": {
          "actions": {
            "GetPBIsOfCorrespondingFeature": {
              "runAfter": {},
              "metadata": {
                "operationMetadataId": "7acfbbdb-0762-4dbf-89d2-b9849588769d"
              },
              "type": "OpenApiConnection",
              "inputs": {
                "host": {
                  "connectionName": "shared_visualstudioteamservices",
                  "operationId": "GetWorkItemChildren",
                  "apiId": "/providers/Microsoft.PowerApps/apis/shared_visualstudioteamservices"
                },
                "parameters": {
                  "account": "ipeposhi89",
                  "project": "SL CE - Modello Devops",
                  "id": "@triggerOutputs()?['body/fields/System_Parent']",
                  "workItemType": "Product Backlog Item"
                },
                "authentication": "@parameters('$authentication')"
              }
            },
            "Apply_to_each": {
              "foreach": "@outputs('GetPBIsOfCorrespondingFeature')?['body/value']",
              "actions": {
                "Condition": {
                  "actions": {
                    "Compose": {
                      "runAfter": {},
                      "metadata": {
                        "operationMetadataId": "f731e52e-4d59-45a7-bf44-acb9b5c03a82"
                      },
                      "type": "Compose",
                      "inputs": "@add(variables('FeatureEffort'), items('Apply_to_each')?['Microsoft.VSTS.Scheduling.Effort'])"
                    },
                    "update_FeatureEffort": {
                      "runAfter": {
                        "Compose": [
                          "Succeeded"
                        ]
                      },
                      "metadata": {
                        "operationMetadataId": "c5ba9b0f-b8f7-41c5-9f95-934b8d37f5b0"
                      },
                      "type": "SetVariable",
                      "inputs": {
                        "name": "FeatureEffort",
                        "value": "@outputs('Compose')"
                      }
                    }
                  },
                  "runAfter": {},
                  "expression": {
                    "or": [
                      {
                        "equals": [
                          "@items('Apply_to_each')?['System.State']",
                          "Active"
                        ]
                      },
                      {
                        "equals": [
                          "@items('Apply_to_each')?['System.State']",
                          "Closed"
                        ]
                      },
                      {
                        "equals": [
                          "@items('Apply_to_each')?['System.State']",
                          "Released"
                        ]
                      }
                    ]
                  },
                  "metadata": {
                    "operationMetadataId": "38356846-ed96-474d-b800-0ab069d6b1e5"
                  },
                  "type": "If"
                }
              },
              "runAfter": {
                "GetPBIsOfCorrespondingFeature": [
                  "Succeeded"
                ]
              },
              "metadata": {
                "operationMetadataId": "e96265c3-c916-4f29-bd12-bda631387a94"
              },
              "type": "Foreach"
            },
            "Update_Feature_Effort": {
              "runAfter": {
                "Apply_to_each": [
                  "Succeeded"
                ]
              },
              "metadata": {
                "operationMetadataId": "6c014fc2-a0fb-4b4f-be31-f7df757ecd9b"
              },
              "type": "OpenApiConnection",
              "inputs": {
                "host": {
                  "connectionName": "shared_visualstudioteamservices",
                  "operationId": "HttpRequest",
                  "apiId": "/providers/Microsoft.PowerApps/apis/shared_visualstudioteamservices"
                },
                "parameters": {
                  "account": "ipeposhi89",
                  "parameters/Method": "PATCH",
                  "parameters/Uri": "@{variables('Project Name')}/_apis/wit/workitems/@{triggerOutputs()?['body/fields/System_Parent']}?validateOnly=false&bypassRules=true&suppressNotifications=false&$expand=All&api-version=7.1",
                  "parameters/Headers": {
                    "Content-Type": "application/json-patch+json"
                  },
                  "parameters/Body": "[\n{\n    \"op\": \"add\",\n    \"path\": \"/fields/Microsoft.VSTS.Scheduling.Effort\",\n    \"value\": @{variables('FeatureEffort')}\n  }\n]"
                },
                "authentication": "@parameters('$authentication')"
              }
            }
          },
          "runAfter": {
            "ProjectName": [
              "Succeeded"
            ]
          },
          "expression": {
            "not": {
              "equals": [
                "@triggerOutputs()?['body/fields/System_Parent']",
                "@null"
              ]
            }
          },
          "metadata": {
            "operationMetadataId": "2f28f0a5-72c7-49d7-bf09-d3395de92601"
          },
          "type": "If"
        },
        "FeatureEffort": {
          "runAfter": {},
          "metadata": {
            "operationMetadataId": "7fa0f722-ef1f-430a-849a-1ca006a57fe5"
          },
          "type": "InitializeVariable",
          "inputs": {
            "variables": [
              {
                "name": "FeatureEffort",
                "type": "float"
              }
            ]
          }
        },
        "ProjectName": {
          "runAfter": {
            "FeatureEffort": [
              "Succeeded"
            ]
          },
          "metadata": {
            "operationMetadataId": "e5b9f377-6707-4ee3-8715-2ed7022627c0"
          },
          "type": "InitializeVariable",
          "inputs": {
            "variables": [
              {
                "name": "Project Name",
                "type": "string",
                "value": "SL%20CE%20-%20Modello%20Devops"
              }
            ]
          }
        }
      }
    },
    "templateName": ""
  },
  "schemaVersion": "1.0.0.0"
}