{
  "properties": {
    "connectionReferences": {
      "shared_visualstudioteamservices": {
        "runtimeSource": "embedded",
        "connection": {
          "connectionReferenceLogicalName": "ip_sharedvisualstudioteamservices_e9e6a"
        },
        "api": {
          "name": "shared_visualstudioteamservices"
        }
      }
    },
    "definition": {
      "$schema": "https://schema.management.azure.com/providers/Microsoft.Logic/schemas/2016-06-01/workflowdefinition.json#",
      "contentVersion": "1.0.0.0",
      "parameters": {
        "$connections": {
          "defaultValue": {},
          "type": "Object"
        },
        "$authentication": {
          "defaultValue": {},
          "type": "SecureObject"
        }
      },
      "triggers": {
        "When_a_Task_is_updated": {
          "recurrence": {
            "interval": 1,
            "frequency": "Minute"
          },
          "splitOn": "@triggerOutputs()?['body/value']",
          "metadata": {
            "operationMetadataId": "0e84e18f-f31b-4367-990a-b42cdf967b12"
          },
          "type": "OpenApiConnection",
          "inputs": {
            "host": {
              "connectionName": "shared_visualstudioteamservices",
              "operationId": "OnWorkItemUpdatedV2",
              "apiId": "/providers/Microsoft.PowerApps/apis/shared_visualstudioteamservices"
            },
            "parameters": {
              "account": "ipeposhi89",
              "project": "SL CE - Modello Devops",
              "wiql__System_WorkItemType": "Task",
              "areaPathComparison": "Equals",
              "iterationPathComparison": "Equals"
            },
            "authentication": "@parameters('$authentication')"
          }
        }
      },
      "actions": {
        "ProjectName": {
          "runAfter": {},
          "metadata": {
            "operationMetadataId": "e5b9f377-6707-4ee3-8715-2ed7022627c0"
          },
          "type": "InitializeVariable",
          "inputs": {
            "variables": [
              {
                "name": "Project Name",
                "type": "string",
                "value": "SL%20CE%20-%20Modello%20Devops"
              }
            ]
          }
        },
        "If_PBI_is_child_of_a_feature": {
          "actions": {
            "GetTasksOfCorrespondingPBI": {
              "runAfter": {},
              "metadata": {
                "operationMetadataId": "7acfbbdb-0762-4dbf-89d2-b9849588769d"
              },
              "type": "OpenApiConnection",
              "inputs": {
                "host": {
                  "connectionName": "shared_visualstudioteamservices",
                  "operationId": "GetWorkItemChildren",
                  "apiId": "/providers/Microsoft.PowerApps/apis/shared_visualstudioteamservices"
                },
                "parameters": {
                  "account": "ipeposhi89",
                  "project": "SL CE - Modello Devops",
                  "id": "@triggerOutputs()?['body/fields/System_Parent']",
                  "workItemType": "Task"
                },
                "authentication": "@parameters('$authentication')"
              }
            },
            "Get_PBI_With_State_To_Do,_In_Progress_or_Done": {
              "runAfter": {
                "GetTasksOfCorrespondingPBI": [
                  "Succeeded"
                ]
              },
              "metadata": {
                "operationMetadataId": "0ea05fd8-370e-4408-a7a1-cd03e79554d7"
              },
              "type": "Query",
              "inputs": {
                "from": "@outputs('GetTasksOfCorrespondingPBI')?['body/value']",
                "where": "@or(equals(item()?['System.State'], 'To Do'), equals(item()?['System.State'], 'In Progress'), equals(item()?['System.State'], 'Done'))"
              }
            },
            "XML_of_Efforts_With_State_To_Do,_In_Progress_or_Done": {
              "runAfter": {
                "JSON_for_Efforts_With_State_To_Do,_In_Progress_or_Done": [
                  "Succeeded"
                ]
              },
              "metadata": {
                "operationMetadataId": "8fa17483-6c54-45b8-a04d-7669d956a0a4"
              },
              "type": "Compose",
              "inputs": "@xml(outputs('JSON_for_Efforts_With_State_To_Do,_In_Progress_or_Done'))"
            },
            "Get_PBI_With_State_Done": {
              "runAfter": {
                "Get_PBI_With_State_To_Do,_In_Progress_or_Done": [
                  "Succeeded"
                ]
              },
              "metadata": {
                "operationMetadataId": "99a212c6-5d2e-4a2b-8ccf-7532adfa0838"
              },
              "type": "Query",
              "inputs": {
                "from": "@body('Get_PBI_With_State_To_Do,_In_Progress_or_Done')",
                "where": "@equals(item()?['System.State'], 'Done')"
              }
            },
            "Get_PBI_With_State_To_Do,_In_Progress": {
              "runAfter": {
                "Get_PBI_With_State_To_Do,_In_Progress_or_Done": [
                  "Succeeded"
                ]
              },
              "metadata": {
                "operationMetadataId": "16a46654-ec36-417a-9c07-c073808241cd"
              },
              "type": "Query",
              "inputs": {
                "from": "@body('Get_PBI_With_State_To_Do,_In_Progress_or_Done')",
                "where": "@or(equals(item()?['System.State'], 'To Do'), equals(item()?['System.State'], 'In Progress'))"
              }
            },
            "SAL": {
              "runAfter": {
                "XML_of_Efforts_of_PBI_With_State_Done": [
                  "Succeeded"
                ]
              },
              "metadata": {
                "operationMetadataId": "7f0c34b0-cf89-4944-8494-203b5501111a"
              },
              "type": "Compose",
              "inputs": "@xpath(xml(outputs('XML_of_Efforts_of_PBI_With_State_Done')), 'sum(/root/Efforts)')"
            },
            "SAF": {
              "runAfter": {
                "XML_of_Efforts_With_State_To_Do,_In_Progress": [
                  "Succeeded"
                ]
              },
              "metadata": {
                "operationMetadataId": "0b5a17f9-f617-45f0-ab30-7e02db3b182f"
              },
              "type": "Compose",
              "inputs": "@xpath(xml(outputs('XML_of_Efforts_With_State_To_Do,_In_Progress')), 'sum(/root/Efforts)')"
            },
            "Update_PBI_Effort": {
              "runAfter": {
                "SAL": [
                  "Succeeded"
                ],
                "SAF": [
                  "Succeeded"
                ],
                "Effort": [
                  "Succeeded"
                ]
              },
              "metadata": {
                "operationMetadataId": "6c014fc2-a0fb-4b4f-be31-f7df757ecd9b"
              },
              "type": "OpenApiConnection",
              "inputs": {
                "host": {
                  "connectionName": "shared_visualstudioteamservices",
                  "operationId": "HttpRequest",
                  "apiId": "/providers/Microsoft.PowerApps/apis/shared_visualstudioteamservices"
                },
                "parameters": {
                  "account": "ipeposhi89",
                  "parameters/Method": "PATCH",
                  "parameters/Uri": "@{variables('Project Name')}/_apis/wit/workitems/@{triggerOutputs()?['body/fields/System_Parent']}?validateOnly=false&bypassRules=true&suppressNotifications=false&$expand=All&api-version=7.1",
                  "parameters/Headers": {
                    "Content-Type": "application/json-patch+json"
                  },
                  "parameters/Body": "[\n{\n    \"op\": \"add\",\n    \"path\": \"/fields/Microsoft.VSTS.Scheduling.Effort\",\n    \"value\": @{outputs('Effort')}\n  },\n{\n    \"op\": \"add\",\n    \"path\": \"/fields/Custom.SAL\",\n    \"value\": @{outputs('SAL')}\n  },\n{\n    \"op\": \"add\",\n    \"path\": \"/fields/Custom.SAF\",\n    \"value\": @{outputs('SAF')}\n  }\n]"
                },
                "authentication": "@parameters('$authentication')"
              }
            },
            "JSON_for_Efforts_With_State_To_Do,_In_Progress_or_Done": {
              "runAfter": {
                "Select_Efforts_of_PBI_With_State_To_Do,_In_Progress_or_Done": [
                  "Succeeded"
                ]
              },
              "metadata": {
                "operationMetadataId": "0180b143-0e70-4cb8-8cb7-bc7f76e0dee2"
              },
              "type": "Compose",
              "inputs": {
                "root": {
                  "Efforts": "@body('Select_Efforts_of_PBI_With_State_To_Do,_In_Progress_or_Done')"
                }
              }
            },
            "Select_Efforts_of_PBI_With_State_To_Do,_In_Progress_or_Done": {
              "runAfter": {
                "Get_PBI_With_State_To_Do,_In_Progress_or_Done": [
                  "Succeeded"
                ]
              },
              "metadata": {
                "operationMetadataId": "af8dd318-acc5-43de-bb5c-36e824434888"
              },
              "type": "Select",
              "inputs": {
                "from": "@body('Get_PBI_With_State_To_Do,_In_Progress_or_Done')",
                "select": "@item()?['Microsoft.VSTS.Scheduling.Effort']"
              }
            },
            "Effort": {
              "runAfter": {
                "XML_of_Efforts_With_State_To_Do,_In_Progress_or_Done": [
                  "Succeeded"
                ]
              },
              "metadata": {
                "operationMetadataId": "8fa17483-6c54-45b8-a04d-7669d956a0a4"
              },
              "type": "Compose",
              "inputs": "@xpath(xml(outputs('XML_of_Efforts_With_State_To_Do,_In_Progress_or_Done')), 'sum(/root/Efforts)')"
            },
            "Select_Efforts_of_PBI_With_State_Done": {
              "runAfter": {
                "Get_PBI_With_State_Done": [
                  "Succeeded"
                ]
              },
              "metadata": {
                "operationMetadataId": "0d67b1be-9c34-4f8d-b7a0-3322d2bcdb8a"
              },
              "type": "Select",
              "inputs": {
                "from": "@body('Get_PBI_With_State_Done')",
                "select": "@item()?['Microsoft.VSTS.Scheduling.Effort']"
              }
            },
            "Select_Efforts_of_PBI_With_State_To_Do,_In_Progress": {
              "runAfter": {
                "Get_PBI_With_State_To_Do,_In_Progress": [
                  "Succeeded"
                ]
              },
              "metadata": {
                "operationMetadataId": "ea57f649-94be-4101-a346-c972fa00ed3d"
              },
              "type": "Select",
              "inputs": {
                "from": "@body('Get_PBI_With_State_To_Do,_In_Progress')",
                "select": "@item()?['Microsoft.VSTS.Scheduling.Effort']"
              }
            },
            "JSON_for_Efforts_of_PBI_With_State_Done": {
              "runAfter": {
                "Select_Efforts_of_PBI_With_State_Done": [
                  "Succeeded"
                ]
              },
              "metadata": {
                "operationMetadataId": "284346ec-b671-4768-becd-02dc0e0bb7d0"
              },
              "type": "Compose",
              "inputs": {
                "root": {
                  "Efforts": "@body('Select_Efforts_of_PBI_With_State_Done')"
                }
              }
            },
            "JSON_for_Efforts_With_State_To_Do,_In_Progress": {
              "runAfter": {
                "Select_Efforts_of_PBI_With_State_To_Do,_In_Progress": [
                  "Succeeded"
                ]
              },
              "metadata": {
                "operationMetadataId": "9854168b-9877-4174-bbf8-25d74590226a"
              },
              "type": "Compose",
              "inputs": {
                "root": {
                  "Efforts": "@body('Select_Efforts_of_PBI_With_State_To_Do,_In_Progress')"
                }
              }
            },
            "XML_of_Efforts_With_State_To_Do,_In_Progress": {
              "runAfter": {
                "JSON_for_Efforts_With_State_To_Do,_In_Progress": [
                  "Succeeded"
                ]
              },
              "metadata": {
                "operationMetadataId": "8fa17483-6c54-45b8-a04d-7669d956a0a4"
              },
              "type": "Compose",
              "inputs": "@xml(outputs('JSON_for_Efforts_With_State_To_Do,_In_Progress'))"
            },
            "XML_of_Efforts_of_PBI_With_State_Done": {
              "runAfter": {
                "JSON_for_Efforts_of_PBI_With_State_Done": [
                  "Succeeded"
                ]
              },
              "metadata": {
                "operationMetadataId": "8fa17483-6c54-45b8-a04d-7669d956a0a4"
              },
              "type": "Compose",
              "inputs": "@xml(outputs('JSON_for_Efforts_of_PBI_With_State_Done'))"
            }
          },
          "runAfter": {
            "ProjectName": [
              "Succeeded"
            ]
          },
          "expression": {
            "not": {
              "equals": [
                "@triggerOutputs()?['body/fields/System_Parent']",
                "@null"
              ]
            }
          },
          "metadata": {
            "operationMetadataId": "2f28f0a5-72c7-49d7-bf09-d3395de92601"
          },
          "type": "If"
        }
      }
    },
    "templateName": ""
  },
  "schemaVersion": "1.0.0.0"
}