{
  "properties": {
    "connectionReferences": {
      "shared_visualstudioteamservices": {
        "runtimeSource": "embedded",
        "connection": {
          "connectionReferenceLogicalName": "ip_sharedvisualstudioteamservices_e9e6a"
        },
        "api": {
          "name": "shared_visualstudioteamservices"
        }
      }
    },
    "definition": {
      "$schema": "https://schema.management.azure.com/providers/Microsoft.Logic/schemas/2016-06-01/workflowdefinition.json#",
      "contentVersion": "1.0.0.0",
      "parameters": {
        "$connections": {
          "defaultValue": {},
          "type": "Object"
        },
        "$authentication": {
          "defaultValue": {},
          "type": "SecureObject"
        }
      },
      "triggers": {
        "When_a_PBI_is_created": {
          "recurrence": {
            "interval": 1,
            "frequency": "Minute"
          },
          "splitOn": "@triggerOutputs()?['body/value']",
          "metadata": {
            "operationMetadataId": "757d0a9c-181e-4d29-9ecf-3e8f48ad04c1"
          },
          "type": "OpenApiConnection",
          "inputs": {
            "host": {
              "connectionName": "shared_visualstudioteamservices",
              "operationId": "OnWorkItemCreatedV2",
              "apiId": "/providers/Microsoft.PowerApps/apis/shared_visualstudioteamservices"
            },
            "parameters": {
              "account": "ipeposhi89",
              "project": "SL CE - Modello Devops",
              "wiql__System_WorkItemType": "Product Backlog Item",
              "areaPathComparison": "Equals",
              "iterationPathComparison": "Equals"
            },
            "authentication": "@parameters('$authentication')"
          }
        }
      },
      "actions": {
        "ProjectName": {
          "runAfter": {},
          "metadata": {
            "operationMetadataId": "e5b9f377-6707-4ee3-8715-2ed7022627c0"
          },
          "type": "InitializeVariable",
          "inputs": {
            "variables": [
              {
                "name": "Project Name",
                "type": "string",
                "value": "SL%20CE%20-%20Modello%20Devops"
              }
            ]
          }
        },
        "TargetDate": {
          "runAfter": {
            "ProjectName": [
              "Succeeded"
            ]
          },
          "metadata": {
            "operationMetadataId": "7fa0f722-ef1f-430a-849a-1ca006a57fe5"
          },
          "type": "InitializeVariable",
          "inputs": {
            "variables": [
              {
                "name": "TargetDate",
                "type": "string"
              }
            ]
          }
        },
        "If_PBI_is_child_of_a_feature": {
          "actions": {
            "GetPBIsOfCorrespondingFeature": {
              "runAfter": {},
              "metadata": {
                "operationMetadataId": "7acfbbdb-0762-4dbf-89d2-b9849588769d"
              },
              "type": "OpenApiConnection",
              "inputs": {
                "host": {
                  "connectionName": "shared_visualstudioteamservices",
                  "operationId": "GetWorkItemChildren",
                  "apiId": "/providers/Microsoft.PowerApps/apis/shared_visualstudioteamservices"
                },
                "parameters": {
                  "account": "ipeposhi89",
                  "project": "SL CE - Modello Devops",
                  "id": "@triggerOutputs()?['body/fields/System_Parent']",
                  "workItemType": "Product Backlog Item"
                },
                "authentication": "@parameters('$authentication')"
              }
            },
            "Get_PBI_With_State_Active,_Closed_or_Released": {
              "runAfter": {
                "GetPBIsOfCorrespondingFeature": [
                  "Succeeded"
                ]
              },
              "metadata": {
                "operationMetadataId": "0ea05fd8-370e-4408-a7a1-cd03e79554d7"
              },
              "type": "Query",
              "inputs": {
                "from": "@outputs('GetPBIsOfCorrespondingFeature')?['body/value']",
                "where": "@and(contains(item(), 'Microsoft.VSTS.Scheduling.TargetDate'), or(equals(item()?['System.State'], 'Active'), equals(item()?['System.State'], 'Closed'), equals(item()?['System.State'], 'Released')))"
              }
            },
            "Update_Feature_Effort": {
              "runAfter": {
                "Do_we_have_PBI_that_satisfy_the_condition": [
                  "Succeeded"
                ]
              },
              "metadata": {
                "operationMetadataId": "6c014fc2-a0fb-4b4f-be31-f7df757ecd9b"
              },
              "type": "OpenApiConnection",
              "inputs": {
                "host": {
                  "connectionName": "shared_visualstudioteamservices",
                  "operationId": "HttpRequest",
                  "apiId": "/providers/Microsoft.PowerApps/apis/shared_visualstudioteamservices"
                },
                "parameters": {
                  "account": "ipeposhi89",
                  "parameters/Method": "PATCH",
                  "parameters/Uri": "@{variables('Project Name')}/_apis/wit/workitems/@{triggerOutputs()?['body/fields/System_Parent']}?validateOnly=false&bypassRules=true&suppressNotifications=false&$expand=All&api-version=7.1",
                  "parameters/Headers": {
                    "Content-Type": "application/json-patch+json"
                  },
                  "parameters/Body": "[\n{\n    \"op\": \"add\",\n    \"path\": \"/fields/Microsoft.VSTS.Scheduling.TargetDate\",\n    \"value\": \"@{variables('TargetDate')}\"\n  }\n]"
                },
                "authentication": "@parameters('$authentication')"
              }
            },
            "Do_we_have_PBI_that_satisfy_the_condition": {
              "actions": {
                "Set_TargetDate": {
                  "runAfter": {},
                  "metadata": {
                    "operationMetadataId": "e0e6adf7-dda0-4d07-a78a-c0fbc984e5cb"
                  },
                  "type": "SetVariable",
                  "inputs": {
                    "name": "TargetDate",
                    "value": "@{last(sort(body('Get_PBI_With_State_Active,_Closed_or_Released'), 'Microsoft.VSTS.Scheduling.TargetDate'))?['Microsoft.VSTS.Scheduling.TargetDate']}"
                  }
                }
              },
              "runAfter": {
                "Get_PBI_With_State_Active,_Closed_or_Released": [
                  "Succeeded"
                ]
              },
              "expression": {
                "greater": [
                  "@length(body('Get_PBI_With_State_Active,_Closed_or_Released'))",
                  0
                ]
              },
              "metadata": {
                "operationMetadataId": "f128818f-5579-407f-a0fd-1ff245e2751a"
              },
              "type": "If"
            }
          },
          "runAfter": {
            "TargetDate": [
              "Succeeded"
            ]
          },
          "expression": {
            "not": {
              "equals": [
                "@triggerOutputs()?['body/fields/System_Parent']",
                "@null"
              ]
            }
          },
          "metadata": {
            "operationMetadataId": "2f28f0a5-72c7-49d7-bf09-d3395de92601"
          },
          "type": "If"
        }
      }
    },
    "templateName": ""
  },
  "schemaVersion": "1.0.0.0"
}